customer_id,age,income,days_as_member,gender_F,gender_M,gender_O,gender_Unknown,total_transactions,total_transaction_amount
c6e579c6821c41d1a7a6a9cf936e91bb,72.0,35000.0,285,1,0,0,0,4,6.95
da7a7c0dcfcb41a8acc7864a53cf60fb,,,359,0,0,0,1,1,0.35000000000000003
eb540099db834cf59001f83a4561aef3,66.0,34000.0,300,1,0,0,0,4,26.009999999999998
3a4874d8f0ef42b9a1b72294902afea9,55.0,88000.0,709,1,0,0,0,3,67.62
ae8111e7e8cd4b60a8d35c42c1110555,54.0,72000.0,566,1,0,0,0,5,86.43
12ede229379747bd8d74ccdc20097ca3,91.0,70000.0,1025,0,1,0,0,3,63.25
