Metric,Value
ROC-AUC Score,0.7202790822936419
False Positive Rate,0.2701259583789704
False Negative Rate,0.40446983700218453
F1 Macro Avg,0.6634414918312437
F1 Weighted Avg,0.6680730109263006
Mean Cross-Validation F1 Score,0.6129654453336695
STD Cross-Validation F1 Score,0.006161520146434323
