gender,age_group,income_group,member_since,kmodes_cluster,num_customers,customer_percent
51.978794642857146,57407.58928571428,533.4441964285714,2.3658482142857142,M,4480,30.22
57.22324455205811,75515.98062953995,528.6910411622276,2.011138014527845,M,4130,27.86
48.03173289183223,39003.035320088304,497.6501103752759,0.2847682119205298,M,3624,24.45
62.956387495175605,100044.38440756465,528.345426476264,1.4129679660362795,F,2591,17.48
